rmse,mae,r2,cv_rmse_mean
0.20593190960527416,0.11277174315034437,0.9930777114866824,1.023856669601869
